post_id,user_id,recipient_id,post_type,content
1,097-56,589-56,story,Sed do eiusmod tempor incididunt ut labore et dolore magna aliqua.
2,776-49,427-91,message,quis nostrud exercitation ullamco laboris nisi ut aliquip ex ea commodo consequat.
3,439-38,863-86,message,quis nostrud exercitation ullamco laboris nisi ut aliquip ex ea commodo consequat.
4,151-45,750-00,message,quis nostrud exercitation ullamco laboris nisi ut aliquip ex ea commodo consequat.
5,553-18,780-91,story,consectetur adipiscing elit.
6,374-51,461-47,message,quis nostrud exercitation ullamco laboris nisi ut aliquip ex ea commodo consequat.
7,441-74,900-67,story,Ut enim ad minim veniam
8,164-21,662-73,message,quis nostrud exercitation ullamco laboris nisi ut aliquip ex ea commodo consequat.
9,613-24,764-54,message,quis nostrud exercitation ullamco laboris nisi ut aliquip ex ea commodo consequat.
10,714-65,283-10,story,consectetur adipiscing elit.
11,140-83,793-02,story,Ut enim ad minim veniam
12,083-90,480-59,story,Ut enim ad minim veniam
13,729-06,919-65,message,Sed do eiusmod tempor incididunt ut labore et dolore magna aliqua.
14,996-86,677-84,message,consectetur adipiscing elit.
15,367-40,234-47,message,Lorem ipsum dolor sit amet
16,571-46,067-49,message,Ut enim ad minim veniam
17,297-24,654-74,message,Sed do eiusmod tempor incididunt ut labore et dolore magna aliqua.
18,574-61,399-54,message,Sed do eiusmod tempor incididunt ut labore et dolore magna aliqua.
19,111-73,097-09,message,Ut enim ad minim veniam
20,940-62,403-55,story,Ut enim ad minim veniam
21,713-01,335-93,story,consectetur adipiscing elit.
22,538-64,656-96,story,quis nostrud exercitation ullamco laboris nisi ut aliquip ex ea commodo consequat.
23,788-98,780-21,message,Ut enim ad minim veniam
24,804-68,634-21,story,Lorem ipsum dolor sit amet
25,736-84,936-90,message,consectetur adipiscing elit.
26,752-03,083-27,message,Sed do eiusmod tempor incididunt ut labore et dolore magna aliqua.
27,780-11,324-97,message,Lorem ipsum dolor sit amet
28,397-19,036-11,message,quis nostrud exercitation ullamco laboris nisi ut aliquip ex ea commodo consequat.
29,384-65,435-52,message,Ut enim ad minim veniam
30,617-94,750-04,message,Lorem ipsum dolor sit amet
31,390-00,428-23,message,Ut enim ad minim veniam
32,889-26,871-76,story,consectetur adipiscing elit.
33,377-84,240-84,message,consectetur adipiscing elit.
34,570-66,994-66,message,quis nostrud exercitation ullamco laboris nisi ut aliquip ex ea commodo consequat.
35,830-34,939-85,story,Sed do eiusmod tempor incididunt ut labore et dolore magna aliqua.
36,104-40,103-21,message,quis nostrud exercitation ullamco laboris nisi ut aliquip ex ea commodo consequat.
37,160-07,177-75,story,Ut enim ad minim veniam
38,778-09,135-35,message,Lorem ipsum dolor sit amet
39,065-40,204-04,story,Sed do eiusmod tempor incididunt ut labore et dolore magna aliqua.
40,334-31,587-64,story,Lorem ipsum dolor sit amet
41,179-94,185-31,message,quis nostrud exercitation ullamco laboris nisi ut aliquip ex ea commodo consequat.
42,532-61,594-30,message,Lorem ipsum dolor sit amet
43,841-59,354-41,story,Sed do eiusmod tempor incididunt ut labore et dolore magna aliqua.
44,623-14,750-28,message,Lorem ipsum dolor sit amet
45,161-61,359-84,message,quis nostrud exercitation ullamco laboris nisi ut aliquip ex ea commodo consequat.
46,742-25,256-24,message,Lorem ipsum dolor sit amet
47,309-85,598-70,message,Lorem ipsum dolor sit amet
48,843-72,733-69,message,consectetur adipiscing elit.
49,335-41,378-48,story,consectetur adipiscing elit.
50,815-47,553-68,story,quis nostrud exercitation ullamco laboris nisi ut aliquip ex ea commodo consequat.
51,519-78,258-80,message,Lorem ipsum dolor sit amet
52,627-58,750-95,message,consectetur adipiscing elit.
53,291-48,353-90,story,consectetur adipiscing elit.
54,725-39,460-83,story,quis nostrud exercitation ullamco laboris nisi ut aliquip ex ea commodo consequat.
55,028-74,213-90,message,Sed do eiusmod tempor incididunt ut labore et dolore magna aliqua.
56,170-53,576-89,story,quis nostrud exercitation ullamco laboris nisi ut aliquip ex ea commodo consequat.
57,231-76,882-90,message,Lorem ipsum dolor sit amet
58,233-81,543-95,message,Sed do eiusmod tempor incididunt ut labore et dolore magna aliqua.
59,106-14,889-89,message,Ut enim ad minim veniam
60,839-11,701-24,story,Lorem ipsum dolor sit amet
61,261-68,581-66,message,Ut enim ad minim veniam
62,772-66,060-48,story,Ut enim ad minim veniam
63,039-81,357-14,story,Ut enim ad minim veniam
64,849-12,828-22,message,Ut enim ad minim veniam
65,073-09,517-54,message,quis nostrud exercitation ullamco laboris nisi ut aliquip ex ea commodo consequat.
66,432-97,209-67,message,Ut enim ad minim veniam
67,031-34,218-62,story,consectetur adipiscing elit.
68,920-81,241-50,story,Lorem ipsum dolor sit amet
69,276-61,457-67,message,consectetur adipiscing elit.
70,266-62,083-42,message,quis nostrud exercitation ullamco laboris nisi ut aliquip ex ea commodo consequat.
71,455-59,987-72,message,quis nostrud exercitation ullamco laboris nisi ut aliquip ex ea commodo consequat.
72,051-99,647-18,message,Ut enim ad minim veniam
73,531-66,716-68,story,Ut enim ad minim veniam
74,949-55,995-00,message,quis nostrud exercitation ullamco laboris nisi ut aliquip ex ea commodo consequat.
75,136-91,343-26,story,Sed do eiusmod tempor incididunt ut labore et dolore magna aliqua.
76,574-05,233-98,story,Lorem ipsum dolor sit amet
77,428-44,552-00,message,Ut enim ad minim veniam
78,605-05,185-65,message,quis nostrud exercitation ullamco laboris nisi ut aliquip ex ea commodo consequat.
79,892-81,239-43,story,Sed do eiusmod tempor incididunt ut labore et dolore magna aliqua.
80,966-45,479-02,story,consectetur adipiscing elit.
81,053-72,674-86,story,quis nostrud exercitation ullamco laboris nisi ut aliquip ex ea commodo consequat.
82,178-74,586-74,story,Lorem ipsum dolor sit amet
83,014-90,180-87,story,Lorem ipsum dolor sit amet
84,464-27,092-00,story,Sed do eiusmod tempor incididunt ut labore et dolore magna aliqua.
85,602-44,210-25,message,quis nostrud exercitation ullamco laboris nisi ut aliquip ex ea commodo consequat.
86,084-96,103-59,story,Ut enim ad minim veniam
87,664-91,366-53,story,quis nostrud exercitation ullamco laboris nisi ut aliquip ex ea commodo consequat.
88,236-62,588-43,message,Lorem ipsum dolor sit amet
89,681-97,180-47,message,consectetur adipiscing elit.
90,584-73,808-69,story,Sed do eiusmod tempor incididunt ut labore et dolore magna aliqua.
91,090-63,796-83,message,quis nostrud exercitation ullamco laboris nisi ut aliquip ex ea commodo consequat.
92,290-23,337-41,message,Lorem ipsum dolor sit amet
93,791-87,037-24,message,Lorem ipsum dolor sit amet
94,812-49,130-87,message,Ut enim ad minim veniam
95,167-02,415-02,story,consectetur adipiscing elit.
96,503-52,500-51,message,Sed do eiusmod tempor incididunt ut labore et dolore magna aliqua.
97,478-89,780-60,message,quis nostrud exercitation ullamco laboris nisi ut aliquip ex ea commodo consequat.
98,144-71,359-93,message,Sed do eiusmod tempor incididunt ut labore et dolore magna aliqua.
99,087-44,688-29,story,quis nostrud exercitation ullamco laboris nisi ut aliquip ex ea commodo consequat.
100,383-14,914-60,story,Ut enim ad minim veniam
101,290-04,416-43,story,Ut enim ad minim veniam
102,583-20,883-30,message,Lorem ipsum dolor sit amet
103,165-30,655-08,story,Lorem ipsum dolor sit amet
104,218-32,145-72,message,Sed do eiusmod tempor incididunt ut labore et dolore magna aliqua.
105,193-07,304-89,story,quis nostrud exercitation ullamco laboris nisi ut aliquip ex ea commodo consequat.
106,008-57,137-83,message,Sed do eiusmod tempor incididunt ut labore et dolore magna aliqua.
107,939-10,797-86,message,consectetur adipiscing elit.
108,773-71,997-71,message,Lorem ipsum dolor sit amet
109,755-07,977-68,message,Sed do eiusmod tempor incididunt ut labore et dolore magna aliqua.
110,757-64,273-94,story,consectetur adipiscing elit.
111,528-34,186-82,message,consectetur adipiscing elit.
112,215-95,082-65,message,Lorem ipsum dolor sit amet
113,707-79,025-05,message,consectetur adipiscing elit.
114,158-63,630-41,message,Sed do eiusmod tempor incididunt ut labore et dolore magna aliqua.
115,265-51,265-90,story,Sed do eiusmod tempor incididunt ut labore et dolore magna aliqua.
116,378-54,604-96,story,Sed do eiusmod tempor incididunt ut labore et dolore magna aliqua.
117,592-28,181-33,story,Ut enim ad minim veniam
118,252-04,897-28,message,Lorem ipsum dolor sit amet
119,422-06,596-61,story,quis nostrud exercitation ullamco laboris nisi ut aliquip ex ea commodo consequat.
120,834-49,948-55,message,Lorem ipsum dolor sit amet
121,526-42,700-01,message,Lorem ipsum dolor sit amet
122,525-31,487-27,message,Sed do eiusmod tempor incididunt ut labore et dolore magna aliqua.
123,463-00,227-08,message,quis nostrud exercitation ullamco laboris nisi ut aliquip ex ea commodo consequat.
124,696-18,523-14,message,Sed do eiusmod tempor incididunt ut labore et dolore magna aliqua.
125,502-32,692-44,story,quis nostrud exercitation ullamco laboris nisi ut aliquip ex ea commodo consequat.
126,445-90,744-46,message,consectetur adipiscing elit.
127,836-31,421-60,story,Sed do eiusmod tempor incididunt ut labore et dolore magna aliqua.
128,088-08,911-46,story,Sed do eiusmod tempor incididunt ut labore et dolore magna aliqua.
129,990-06,567-94,message,Sed do eiusmod tempor incididunt ut labore et dolore magna aliqua.
130,019-56,389-31,story,Sed do eiusmod tempor incididunt ut labore et dolore magna aliqua.
131,112-66,332-63,story,consectetur adipiscing elit.
132,067-81,219-74,message,Lorem ipsum dolor sit amet
133,618-49,844-65,story,Ut enim ad minim veniam
134,940-66,899-69,message,consectetur adipiscing elit.
135,637-64,894-16,message,Sed do eiusmod tempor incididunt ut labore et dolore magna aliqua.
136,596-68,820-16,story,Lorem ipsum dolor sit amet
137,713-03,050-52,story,Sed do eiusmod tempor incididunt ut labore et dolore magna aliqua.
138,259-98,616-72,story,quis nostrud exercitation ullamco laboris nisi ut aliquip ex ea commodo consequat.
139,389-10,651-02,story,Sed do eiusmod tempor incididunt ut labore et dolore magna aliqua.
140,056-38,040-90,message,consectetur adipiscing elit.
141,957-58,806-02,message,consectetur adipiscing elit.
142,715-90,801-12,message,Sed do eiusmod tempor incididunt ut labore et dolore magna aliqua.
143,179-57,240-77,message,Lorem ipsum dolor sit amet
144,949-02,194-08,message,Ut enim ad minim veniam
145,817-85,022-35,message,quis nostrud exercitation ullamco laboris nisi ut aliquip ex ea commodo consequat.
146,267-32,928-99,story,Ut enim ad minim veniam
147,036-92,469-19,message,Sed do eiusmod tempor incididunt ut labore et dolore magna aliqua.
148,538-56,584-45,story,Lorem ipsum dolor sit amet
149,979-72,072-76,message,Lorem ipsum dolor sit amet
150,957-30,724-93,message,consectetur adipiscing elit.
151,110-87,923-45,message,consectetur adipiscing elit.
152,204-65,710-44,story,Sed do eiusmod tempor incididunt ut labore et dolore magna aliqua.
153,730-55,086-78,message,Sed do eiusmod tempor incididunt ut labore et dolore magna aliqua.
154,411-11,877-74,message,quis nostrud exercitation ullamco laboris nisi ut aliquip ex ea commodo consequat.
155,192-19,438-75,story,consectetur adipiscing elit.
156,122-81,199-47,story,Sed do eiusmod tempor incididunt ut labore et dolore magna aliqua.
157,656-99,672-38,message,Sed do eiusmod tempor incididunt ut labore et dolore magna aliqua.
158,699-76,446-22,story,quis nostrud exercitation ullamco laboris nisi ut aliquip ex ea commodo consequat.
159,607-16,446-70,message,consectetur adipiscing elit.
160,767-57,490-75,story,quis nostrud exercitation ullamco laboris nisi ut aliquip ex ea commodo consequat.
161,992-06,842-42,message,quis nostrud exercitation ullamco laboris nisi ut aliquip ex ea commodo consequat.
162,113-92,910-44,story,Ut enim ad minim veniam
163,615-93,174-31,story,Lorem ipsum dolor sit amet
164,160-98,281-05,message,Ut enim ad minim veniam
165,384-89,581-94,story,Lorem ipsum dolor sit amet
166,741-83,500-01,message,Lorem ipsum dolor sit amet
167,866-04,121-59,message,consectetur adipiscing elit.
168,501-66,645-29,story,Sed do eiusmod tempor incididunt ut labore et dolore magna aliqua.
169,656-16,646-72,message,quis nostrud exercitation ullamco laboris nisi ut aliquip ex ea commodo consequat.
170,426-73,018-44,story,Ut enim ad minim veniam
171,681-25,033-30,story,Ut enim ad minim veniam
172,614-13,554-42,story,consectetur adipiscing elit.
173,952-71,752-82,story,Lorem ipsum dolor sit amet
174,553-83,612-29,story,Sed do eiusmod tempor incididunt ut labore et dolore magna aliqua.
175,061-74,783-35,story,consectetur adipiscing elit.
176,355-21,238-73,message,consectetur adipiscing elit.
177,856-32,915-39,story,Ut enim ad minim veniam
178,665-28,957-46,message,Lorem ipsum dolor sit amet
179,693-53,569-39,message,Ut enim ad minim veniam
180,273-34,186-55,story,quis nostrud exercitation ullamco laboris nisi ut aliquip ex ea commodo consequat.
181,672-20,800-85,message,Sed do eiusmod tempor incididunt ut labore et dolore magna aliqua.
182,578-85,172-18,story,Ut enim ad minim veniam
183,132-43,107-94,story,Sed do eiusmod tempor incididunt ut labore et dolore magna aliqua.
184,381-38,840-82,message,Ut enim ad minim veniam
185,013-31,333-82,message,consectetur adipiscing elit.
186,038-57,470-33,story,consectetur adipiscing elit.
187,455-07,900-70,message,quis nostrud exercitation ullamco laboris nisi ut aliquip ex ea commodo consequat.
188,070-73,989-06,story,Ut enim ad minim veniam
189,251-68,643-33,story,Sed do eiusmod tempor incididunt ut labore et dolore magna aliqua.
190,504-29,311-51,message,quis nostrud exercitation ullamco laboris nisi ut aliquip ex ea commodo consequat.
191,050-08,145-22,story,Sed do eiusmod tempor incididunt ut labore et dolore magna aliqua.
192,128-85,940-94,story,quis nostrud exercitation ullamco laboris nisi ut aliquip ex ea commodo consequat.
193,368-71,490-22,story,Lorem ipsum dolor sit amet
194,234-03,500-33,message,Ut enim ad minim veniam
195,868-91,770-70,story,Ut enim ad minim veniam
196,921-74,222-23,story,Ut enim ad minim veniam
197,945-07,048-68,story,Ut enim ad minim veniam
198,254-87,328-27,story,Lorem ipsum dolor sit amet
199,600-01,222-36,message,consectetur adipiscing elit.
200,849-98,955-65,story,quis nostrud exercitation ullamco laboris nisi ut aliquip ex ea commodo consequat.
201,545-30,740-69,message,Sed do eiusmod tempor incididunt ut labore et dolore magna aliqua.
202,461-54,211-57,message,quis nostrud exercitation ullamco laboris nisi ut aliquip ex ea commodo consequat.
203,523-37,042-15,story,quis nostrud exercitation ullamco laboris nisi ut aliquip ex ea commodo consequat.
204,116-71,691-61,message,Ut enim ad minim veniam
205,942-62,628-32,story,Ut enim ad minim veniam
206,922-51,848-69,story,consectetur adipiscing elit.
207,792-85,860-94,story,consectetur adipiscing elit.
208,559-71,510-56,message,quis nostrud exercitation ullamco laboris nisi ut aliquip ex ea commodo consequat.
209,008-01,750-08,story,Ut enim ad minim veniam
210,623-47,686-00,message,Lorem ipsum dolor sit amet
211,258-84,904-76,message,Ut enim ad minim veniam
212,123-02,298-24,message,Lorem ipsum dolor sit amet
213,077-04,094-41,story,Lorem ipsum dolor sit amet
214,496-44,364-66,message,Lorem ipsum dolor sit amet
215,058-52,767-52,story,Ut enim ad minim veniam
216,193-94,427-54,message,Ut enim ad minim veniam
217,194-92,779-95,story,Ut enim ad minim veniam
218,017-54,929-97,message,Lorem ipsum dolor sit amet
219,012-54,525-93,message,consectetur adipiscing elit.
220,154-46,343-47,story,Ut enim ad minim veniam
221,634-13,693-95,story,quis nostrud exercitation ullamco laboris nisi ut aliquip ex ea commodo consequat.
222,531-81,622-37,message,quis nostrud exercitation ullamco laboris nisi ut aliquip ex ea commodo consequat.
223,481-43,114-84,story,Sed do eiusmod tempor incididunt ut labore et dolore magna aliqua.
224,793-63,997-11,story,Ut enim ad minim veniam
225,645-96,791-62,story,Sed do eiusmod tempor incididunt ut labore et dolore magna aliqua.
226,393-67,659-81,message,quis nostrud exercitation ullamco laboris nisi ut aliquip ex ea commodo consequat.
227,847-88,802-32,message,Ut enim ad minim veniam
228,954-17,828-35,message,Sed do eiusmod tempor incididunt ut labore et dolore magna aliqua.
229,976-26,013-62,story,consectetur adipiscing elit.
230,967-40,074-11,message,Lorem ipsum dolor sit amet
231,516-08,674-97,story,Lorem ipsum dolor sit amet
232,657-34,023-54,story,Sed do eiusmod tempor incididunt ut labore et dolore magna aliqua.
233,683-19,214-86,story,Ut enim ad minim veniam
234,229-26,610-04,story,Lorem ipsum dolor sit amet
235,207-92,657-25,message,quis nostrud exercitation ullamco laboris nisi ut aliquip ex ea commodo consequat.
236,258-39,305-86,story,consectetur adipiscing elit.
237,827-29,033-77,message,Sed do eiusmod tempor incididunt ut labore et dolore magna aliqua.
238,628-16,288-39,message,quis nostrud exercitation ullamco laboris nisi ut aliquip ex ea commodo consequat.
239,868-18,272-99,story,quis nostrud exercitation ullamco laboris nisi ut aliquip ex ea commodo consequat.
240,648-79,428-18,story,Sed do eiusmod tempor incididunt ut labore et dolore magna aliqua.
241,463-02,156-54,story,Lorem ipsum dolor sit amet
242,550-92,368-65,story,Sed do eiusmod tempor incididunt ut labore et dolore magna aliqua.
243,650-40,959-40,message,Sed do eiusmod tempor incididunt ut labore et dolore magna aliqua.
244,917-03,880-56,story,Lorem ipsum dolor sit amet
245,310-51,296-43,message,quis nostrud exercitation ullamco laboris nisi ut aliquip ex ea commodo consequat.
246,472-54,340-51,message,consectetur adipiscing elit.
247,458-03,267-01,message,Lorem ipsum dolor sit amet
248,860-76,638-74,story,quis nostrud exercitation ullamco laboris nisi ut aliquip ex ea commodo consequat.
249,730-74,704-40,message,Ut enim ad minim veniam
250,173-47,956-30,message,consectetur adipiscing elit.
251,267-65,122-02,message,quis nostrud exercitation ullamco laboris nisi ut aliquip ex ea commodo consequat.
252,181-01,203-69,message,Ut enim ad minim veniam
253,696-20,120-00,story,Sed do eiusmod tempor incididunt ut labore et dolore magna aliqua.
254,108-57,687-10,message,Ut enim ad minim veniam
255,205-19,605-47,message,consectetur adipiscing elit.
256,663-34,258-13,story,Sed do eiusmod tempor incididunt ut labore et dolore magna aliqua.
257,810-33,657-26,message,Sed do eiusmod tempor incididunt ut labore et dolore magna aliqua.
258,886-74,611-60,message,Ut enim ad minim veniam
259,104-31,969-43,message,consectetur adipiscing elit.
260,526-19,456-25,message,Sed do eiusmod tempor incididunt ut labore et dolore magna aliqua.
261,030-90,311-08,story,Sed do eiusmod tempor incididunt ut labore et dolore magna aliqua.
262,026-91,119-19,message,Ut enim ad minim veniam
263,943-52,647-83,story,consectetur adipiscing elit.
264,229-13,772-93,story,consectetur adipiscing elit.
265,737-58,895-38,message,Lorem ipsum dolor sit amet
266,867-94,500-69,story,Ut enim ad minim veniam
267,824-19,575-08,message,Lorem ipsum dolor sit amet
268,673-20,002-44,message,Lorem ipsum dolor sit amet
269,724-36,209-44,message,Lorem ipsum dolor sit amet
270,086-70,240-83,story,quis nostrud exercitation ullamco laboris nisi ut aliquip ex ea commodo consequat.
271,382-51,457-67,story,quis nostrud exercitation ullamco laboris nisi ut aliquip ex ea commodo consequat.
272,910-86,015-32,story,quis nostrud exercitation ullamco laboris nisi ut aliquip ex ea commodo consequat.
273,954-86,560-73,story,Ut enim ad minim veniam
274,870-37,480-48,story,Sed do eiusmod tempor incididunt ut labore et dolore magna aliqua.
275,366-57,304-95,message,Lorem ipsum dolor sit amet
276,247-07,726-57,message,quis nostrud exercitation ullamco laboris nisi ut aliquip ex ea commodo consequat.
277,517-37,025-80,message,Lorem ipsum dolor sit amet
278,260-65,112-71,story,Sed do eiusmod tempor incididunt ut labore et dolore magna aliqua.
279,631-00,782-98,story,Sed do eiusmod tempor incididunt ut labore et dolore magna aliqua.
280,427-26,262-64,story,Lorem ipsum dolor sit amet
281,604-43,941-23,story,Ut enim ad minim veniam
282,162-75,964-08,story,quis nostrud exercitation ullamco laboris nisi ut aliquip ex ea commodo consequat.
283,836-21,477-87,message,Lorem ipsum dolor sit amet
284,436-18,724-81,message,Lorem ipsum dolor sit amet
285,937-26,910-05,message,consectetur adipiscing elit.
286,116-28,734-61,story,quis nostrud exercitation ullamco laboris nisi ut aliquip ex ea commodo consequat.
287,947-34,740-66,message,quis nostrud exercitation ullamco laboris nisi ut aliquip ex ea commodo consequat.
288,652-18,391-83,message,quis nostrud exercitation ullamco laboris nisi ut aliquip ex ea commodo consequat.
289,323-83,952-10,story,consectetur adipiscing elit.
290,176-26,774-54,story,Ut enim ad minim veniam
291,792-13,413-33,story,Ut enim ad minim veniam
292,753-88,237-15,message,quis nostrud exercitation ullamco laboris nisi ut aliquip ex ea commodo consequat.
293,006-05,532-38,story,Lorem ipsum dolor sit amet
294,917-29,157-73,message,consectetur adipiscing elit.
295,608-93,534-44,message,quis nostrud exercitation ullamco laboris nisi ut aliquip ex ea commodo consequat.
296,160-08,262-59,message,quis nostrud exercitation ullamco laboris nisi ut aliquip ex ea commodo consequat.
297,870-76,626-31,message,Sed do eiusmod tempor incididunt ut labore et dolore magna aliqua.
298,181-90,169-26,story,Lorem ipsum dolor sit amet
299,933-67,151-38,story,consectetur adipiscing elit.
300,693-44,580-02,story,Ut enim ad minim veniam
301,294-31,294-83,story,Ut enim ad minim veniam
302,429-46,358-68,message,Sed do eiusmod tempor incididunt ut labore et dolore magna aliqua.
303,561-34,402-12,story,consectetur adipiscing elit.
304,821-66,136-02,story,consectetur adipiscing elit.
305,187-00,147-86,story,quis nostrud exercitation ullamco laboris nisi ut aliquip ex ea commodo consequat.
306,113-86,919-50,message,Ut enim ad minim veniam
307,276-49,991-29,message,Lorem ipsum dolor sit amet
308,752-84,241-49,story,quis nostrud exercitation ullamco laboris nisi ut aliquip ex ea commodo consequat.
309,038-16,359-26,message,Sed do eiusmod tempor incididunt ut labore et dolore magna aliqua.
310,852-61,186-35,story,Ut enim ad minim veniam
311,197-87,794-42,message,consectetur adipiscing elit.
312,084-64,254-60,story,Lorem ipsum dolor sit amet
313,554-40,926-75,message,Ut enim ad minim veniam
314,873-96,390-96,story,Sed do eiusmod tempor incididunt ut labore et dolore magna aliqua.
315,485-26,689-95,message,quis nostrud exercitation ullamco laboris nisi ut aliquip ex ea commodo consequat.
316,686-69,567-68,message,Ut enim ad minim veniam
317,401-09,826-28,message,Lorem ipsum dolor sit amet
318,663-36,815-99,message,Lorem ipsum dolor sit amet
319,435-75,894-34,story,Ut enim ad minim veniam
320,538-61,421-20,message,Ut enim ad minim veniam
321,285-98,135-11,message,consectetur adipiscing elit.
322,015-61,787-50,message,Ut enim ad minim veniam
323,558-61,894-09,story,Ut enim ad minim veniam
324,310-96,406-25,story,Sed do eiusmod tempor incididunt ut labore et dolore magna aliqua.
325,856-79,408-77,message,Ut enim ad minim veniam
326,350-19,515-83,message,Ut enim ad minim veniam
327,818-66,016-91,story,quis nostrud exercitation ullamco laboris nisi ut aliquip ex ea commodo consequat.
328,523-89,820-06,story,quis nostrud exercitation ullamco laboris nisi ut aliquip ex ea commodo consequat.
329,380-83,864-49,story,Sed do eiusmod tempor incididunt ut labore et dolore magna aliqua.
330,235-07,124-03,message,Lorem ipsum dolor sit amet
331,666-68,375-44,message,Lorem ipsum dolor sit amet
332,821-68,123-43,story,quis nostrud exercitation ullamco laboris nisi ut aliquip ex ea commodo consequat.
333,891-08,198-05,message,Sed do eiusmod tempor incididunt ut labore et dolore magna aliqua.
334,962-04,348-52,story,Sed do eiusmod tempor incididunt ut labore et dolore magna aliqua.
335,482-76,483-95,message,consectetur adipiscing elit.
336,131-28,290-59,message,quis nostrud exercitation ullamco laboris nisi ut aliquip ex ea commodo consequat.
337,140-12,359-69,story,Lorem ipsum dolor sit amet
338,082-85,156-46,story,consectetur adipiscing elit.
339,138-65,375-05,story,consectetur adipiscing elit.
340,915-98,787-76,message,consectetur adipiscing elit.
341,861-26,694-33,message,Ut enim ad minim veniam
342,873-15,224-91,message,quis nostrud exercitation ullamco laboris nisi ut aliquip ex ea commodo consequat.
343,034-66,281-94,story,Lorem ipsum dolor sit amet
344,890-23,003-89,story,quis nostrud exercitation ullamco laboris nisi ut aliquip ex ea commodo consequat.
345,679-88,615-00,message,consectetur adipiscing elit.
346,836-84,854-28,story,Ut enim ad minim veniam
347,123-26,590-87,message,Lorem ipsum dolor sit amet
348,332-12,460-59,message,consectetur adipiscing elit.
349,078-74,436-06,story,quis nostrud exercitation ullamco laboris nisi ut aliquip ex ea commodo consequat.
350,259-45,225-29,message,consectetur adipiscing elit.
351,768-82,715-95,story,Ut enim ad minim veniam
352,561-97,968-64,story,Lorem ipsum dolor sit amet
353,766-29,629-13,story,consectetur adipiscing elit.
354,662-11,771-05,story,Sed do eiusmod tempor incididunt ut labore et dolore magna aliqua.
355,789-20,464-02,message,Sed do eiusmod tempor incididunt ut labore et dolore magna aliqua.
356,571-59,927-40,story,quis nostrud exercitation ullamco laboris nisi ut aliquip ex ea commodo consequat.
357,505-08,972-90,message,quis nostrud exercitation ullamco laboris nisi ut aliquip ex ea commodo consequat.
358,457-42,542-51,message,quis nostrud exercitation ullamco laboris nisi ut aliquip ex ea commodo consequat.
359,868-87,763-96,story,quis nostrud exercitation ullamco laboris nisi ut aliquip ex ea commodo consequat.
360,078-95,793-93,message,Lorem ipsum dolor sit amet
361,780-87,157-83,message,Lorem ipsum dolor sit amet
362,191-44,751-43,message,Ut enim ad minim veniam
363,333-70,144-71,story,Lorem ipsum dolor sit amet
364,659-16,404-51,story,Lorem ipsum dolor sit amet
365,004-82,891-75,message,Ut enim ad minim veniam
366,822-26,483-03,story,quis nostrud exercitation ullamco laboris nisi ut aliquip ex ea commodo consequat.
367,620-68,157-07,story,Sed do eiusmod tempor incididunt ut labore et dolore magna aliqua.
368,075-67,522-53,message,quis nostrud exercitation ullamco laboris nisi ut aliquip ex ea commodo consequat.
369,402-36,792-56,message,Lorem ipsum dolor sit amet
370,741-71,465-51,story,consectetur adipiscing elit.
371,414-58,983-13,message,quis nostrud exercitation ullamco laboris nisi ut aliquip ex ea commodo consequat.
372,015-56,808-32,story,consectetur adipiscing elit.
373,628-37,831-19,message,consectetur adipiscing elit.
374,867-22,489-50,message,quis nostrud exercitation ullamco laboris nisi ut aliquip ex ea commodo consequat.
375,346-28,126-11,message,Ut enim ad minim veniam
376,323-38,084-77,story,consectetur adipiscing elit.
377,088-32,601-66,message,Sed do eiusmod tempor incididunt ut labore et dolore magna aliqua.
378,229-69,017-49,message,quis nostrud exercitation ullamco laboris nisi ut aliquip ex ea commodo consequat.
379,020-96,337-01,message,Ut enim ad minim veniam
380,019-88,827-19,message,quis nostrud exercitation ullamco laboris nisi ut aliquip ex ea commodo consequat.
381,733-85,383-69,story,quis nostrud exercitation ullamco laboris nisi ut aliquip ex ea commodo consequat.
382,687-30,052-43,story,Sed do eiusmod tempor incididunt ut labore et dolore magna aliqua.
383,975-40,286-17,story,consectetur adipiscing elit.
384,439-03,443-55,message,Lorem ipsum dolor sit amet
385,043-46,964-53,message,quis nostrud exercitation ullamco laboris nisi ut aliquip ex ea commodo consequat.
386,058-92,605-94,story,Ut enim ad minim veniam
387,456-74,720-90,message,Sed do eiusmod tempor incididunt ut labore et dolore magna aliqua.
388,996-80,673-41,message,Sed do eiusmod tempor incididunt ut labore et dolore magna aliqua.
389,665-04,605-41,message,Lorem ipsum dolor sit amet
390,793-69,780-24,story,Ut enim ad minim veniam
391,983-29,757-23,story,Sed do eiusmod tempor incididunt ut labore et dolore magna aliqua.
392,346-61,743-66,message,quis nostrud exercitation ullamco laboris nisi ut aliquip ex ea commodo consequat.
393,045-73,789-49,story,consectetur adipiscing elit.
394,818-45,274-38,story,Ut enim ad minim veniam
395,176-95,512-80,story,Ut enim ad minim veniam
396,511-80,715-66,story,Lorem ipsum dolor sit amet
397,986-05,535-21,message,Ut enim ad minim veniam
398,224-85,683-50,message,Lorem ipsum dolor sit amet
399,821-91,147-28,story,Ut enim ad minim veniam
400,678-02,568-40,story,Sed do eiusmod tempor incididunt ut labore et dolore magna aliqua.
401,654-22,780-41,message,consectetur adipiscing elit.
402,939-12,744-63,message,quis nostrud exercitation ullamco laboris nisi ut aliquip ex ea commodo consequat.
403,901-15,841-17,message,consectetur adipiscing elit.
404,625-93,066-15,message,Sed do eiusmod tempor incididunt ut labore et dolore magna aliqua.
405,061-81,179-12,story,quis nostrud exercitation ullamco laboris nisi ut aliquip ex ea commodo consequat.
406,718-59,422-87,message,Ut enim ad minim veniam
407,886-78,768-45,story,Sed do eiusmod tempor incididunt ut labore et dolore magna aliqua.
408,240-19,704-76,message,Ut enim ad minim veniam
409,643-89,744-74,message,Sed do eiusmod tempor incididunt ut labore et dolore magna aliqua.
410,477-65,444-41,story,quis nostrud exercitation ullamco laboris nisi ut aliquip ex ea commodo consequat.
411,564-14,613-32,story,Lorem ipsum dolor sit amet
412,198-52,105-53,message,Sed do eiusmod tempor incididunt ut labore et dolore magna aliqua.
413,452-21,460-27,story,Lorem ipsum dolor sit amet
414,981-95,707-43,message,Ut enim ad minim veniam
415,201-85,792-38,story,quis nostrud exercitation ullamco laboris nisi ut aliquip ex ea commodo consequat.
416,567-13,038-16,message,quis nostrud exercitation ullamco laboris nisi ut aliquip ex ea commodo consequat.
417,262-89,112-02,story,Ut enim ad minim veniam
418,610-33,273-87,story,quis nostrud exercitation ullamco laboris nisi ut aliquip ex ea commodo consequat.
419,370-39,400-54,message,quis nostrud exercitation ullamco laboris nisi ut aliquip ex ea commodo consequat.
420,391-45,989-06,message,quis nostrud exercitation ullamco laboris nisi ut aliquip ex ea commodo consequat.
421,575-42,307-83,story,Ut enim ad minim veniam
422,913-08,307-63,message,Sed do eiusmod tempor incididunt ut labore et dolore magna aliqua.
423,394-17,192-80,story,consectetur adipiscing elit.
424,052-80,267-64,story,Sed do eiusmod tempor incididunt ut labore et dolore magna aliqua.
425,163-06,287-87,story,Lorem ipsum dolor sit amet
426,344-20,780-09,story,consectetur adipiscing elit.
427,537-55,470-76,message,Ut enim ad minim veniam
428,095-33,106-79,story,quis nostrud exercitation ullamco laboris nisi ut aliquip ex ea commodo consequat.
429,424-24,133-04,message,Ut enim ad minim veniam
430,113-50,830-95,message,Ut enim ad minim veniam
431,656-03,925-45,message,Lorem ipsum dolor sit amet
432,101-55,918-77,message,Ut enim ad minim veniam
433,502-97,973-00,message,consectetur adipiscing elit.
434,309-74,986-91,message,Sed do eiusmod tempor incididunt ut labore et dolore magna aliqua.
435,519-65,061-68,message,quis nostrud exercitation ullamco laboris nisi ut aliquip ex ea commodo consequat.
436,125-80,821-62,story,Sed do eiusmod tempor incididunt ut labore et dolore magna aliqua.
437,366-36,505-13,story,quis nostrud exercitation ullamco laboris nisi ut aliquip ex ea commodo consequat.
438,899-09,250-83,message,Ut enim ad minim veniam
439,627-64,649-12,message,quis nostrud exercitation ullamco laboris nisi ut aliquip ex ea commodo consequat.
440,573-37,762-84,message,Sed do eiusmod tempor incididunt ut labore et dolore magna aliqua.
441,381-14,701-33,message,Ut enim ad minim veniam
442,329-15,603-43,message,consectetur adipiscing elit.
443,493-25,063-47,story,Sed do eiusmod tempor incididunt ut labore et dolore magna aliqua.
444,634-85,661-85,message,Ut enim ad minim veniam
445,691-91,539-16,story,consectetur adipiscing elit.
446,230-21,813-95,story,Lorem ipsum dolor sit amet
447,768-18,877-47,story,consectetur adipiscing elit.
448,683-78,490-25,message,Ut enim ad minim veniam
449,883-97,353-80,message,consectetur adipiscing elit.
450,957-28,334-49,message,Sed do eiusmod tempor incididunt ut labore et dolore magna aliqua.
451,428-42,793-18,story,Lorem ipsum dolor sit amet
452,733-84,536-61,message,Ut enim ad minim veniam
453,549-84,712-54,message,Lorem ipsum dolor sit amet
454,737-21,208-29,story,Lorem ipsum dolor sit amet
455,427-76,863-62,message,Ut enim ad minim veniam
456,136-09,390-29,story,Ut enim ad minim veniam
457,919-51,460-08,message,Sed do eiusmod tempor incididunt ut labore et dolore magna aliqua.
458,280-87,549-64,message,consectetur adipiscing elit.
459,382-84,776-82,message,Sed do eiusmod tempor incididunt ut labore et dolore magna aliqua.
460,985-43,650-85,story,quis nostrud exercitation ullamco laboris nisi ut aliquip ex ea commodo consequat.
461,374-51,598-32,story,consectetur adipiscing elit.
462,936-34,159-76,message,quis nostrud exercitation ullamco laboris nisi ut aliquip ex ea commodo consequat.
463,721-16,149-24,message,Lorem ipsum dolor sit amet
464,926-12,717-41,story,Lorem ipsum dolor sit amet
465,002-60,286-79,story,quis nostrud exercitation ullamco laboris nisi ut aliquip ex ea commodo consequat.
466,979-32,388-07,story,Sed do eiusmod tempor incididunt ut labore et dolore magna aliqua.
467,591-99,507-76,message,quis nostrud exercitation ullamco laboris nisi ut aliquip ex ea commodo consequat.
468,591-60,472-75,story,Sed do eiusmod tempor incididunt ut labore et dolore magna aliqua.
469,030-12,507-14,story,Sed do eiusmod tempor incididunt ut labore et dolore magna aliqua.
470,603-26,820-85,story,Sed do eiusmod tempor incididunt ut labore et dolore magna aliqua.
471,344-83,775-70,message,Ut enim ad minim veniam
472,446-19,795-14,message,quis nostrud exercitation ullamco laboris nisi ut aliquip ex ea commodo consequat.
473,262-60,884-57,message,Lorem ipsum dolor sit amet
474,549-46,028-92,message,Lorem ipsum dolor sit amet
475,211-69,035-69,message,Ut enim ad minim veniam
476,814-80,708-27,story,Lorem ipsum dolor sit amet
477,996-08,291-34,message,Lorem ipsum dolor sit amet
478,695-49,955-22,story,consectetur adipiscing elit.
479,861-37,013-99,message,quis nostrud exercitation ullamco laboris nisi ut aliquip ex ea commodo consequat.
480,631-31,585-55,message,Sed do eiusmod tempor incididunt ut labore et dolore magna aliqua.
481,142-00,104-24,message,Lorem ipsum dolor sit amet
482,906-23,107-96,message,Sed do eiusmod tempor incididunt ut labore et dolore magna aliqua.
483,769-93,246-10,message,consectetur adipiscing elit.
484,294-80,517-50,message,quis nostrud exercitation ullamco laboris nisi ut aliquip ex ea commodo consequat.
485,037-89,182-89,story,consectetur adipiscing elit.
486,753-20,953-78,message,quis nostrud exercitation ullamco laboris nisi ut aliquip ex ea commodo consequat.
487,422-92,956-57,message,Lorem ipsum dolor sit amet
488,732-68,305-55,message,Sed do eiusmod tempor incididunt ut labore et dolore magna aliqua.
489,719-51,778-97,message,Lorem ipsum dolor sit amet
490,202-18,632-28,story,Ut enim ad minim veniam
491,890-13,884-68,story,quis nostrud exercitation ullamco laboris nisi ut aliquip ex ea commodo consequat.
492,656-22,626-11,message,quis nostrud exercitation ullamco laboris nisi ut aliquip ex ea commodo consequat.
493,106-56,015-53,story,quis nostrud exercitation ullamco laboris nisi ut aliquip ex ea commodo consequat.
494,357-65,544-64,story,Lorem ipsum dolor sit amet
495,421-22,490-97,message,quis nostrud exercitation ullamco laboris nisi ut aliquip ex ea commodo consequat.
496,818-71,843-99,message,Sed do eiusmod tempor incididunt ut labore et dolore magna aliqua.
497,784-35,090-94,message,consectetur adipiscing elit.
498,000-08,479-57,story,Lorem ipsum dolor sit amet
499,360-64,399-85,message,Ut enim ad minim veniam
500,585-32,878-59,message,consectetur adipiscing elit.
501,575-82,549-93,story,quis nostrud exercitation ullamco laboris nisi ut aliquip ex ea commodo consequat.
502,468-01,730-21,message,Sed do eiusmod tempor incididunt ut labore et dolore magna aliqua.
503,965-44,519-95,story,quis nostrud exercitation ullamco laboris nisi ut aliquip ex ea commodo consequat.
504,730-84,516-95,story,Sed do eiusmod tempor incididunt ut labore et dolore magna aliqua.
505,753-03,098-75,message,Sed do eiusmod tempor incididunt ut labore et dolore magna aliqua.
506,562-28,401-20,story,Ut enim ad minim veniam
507,502-43,905-57,story,Lorem ipsum dolor sit amet
508,741-51,234-74,message,consectetur adipiscing elit.
509,090-67,599-92,story,Sed do eiusmod tempor incididunt ut labore et dolore magna aliqua.
510,127-42,033-39,story,Ut enim ad minim veniam
511,655-12,056-52,story,Ut enim ad minim veniam
512,232-77,375-14,story,quis nostrud exercitation ullamco laboris nisi ut aliquip ex ea commodo consequat.
513,273-51,539-56,message,Sed do eiusmod tempor incididunt ut labore et dolore magna aliqua.
514,895-09,148-62,message,Ut enim ad minim veniam
515,386-69,893-14,message,Lorem ipsum dolor sit amet
516,268-55,496-21,message,Ut enim ad minim veniam
517,166-16,787-25,message,quis nostrud exercitation ullamco laboris nisi ut aliquip ex ea commodo consequat.
518,157-25,481-39,message,quis nostrud exercitation ullamco laboris nisi ut aliquip ex ea commodo consequat.
519,898-46,141-19,message,consectetur adipiscing elit.
520,387-01,184-40,message,Sed do eiusmod tempor incididunt ut labore et dolore magna aliqua.
521,408-92,372-20,message,consectetur adipiscing elit.
522,500-75,923-13,story,consectetur adipiscing elit.
523,953-62,988-91,message,Ut enim ad minim veniam
524,650-32,615-50,message,Lorem ipsum dolor sit amet
525,321-13,297-38,message,quis nostrud exercitation ullamco laboris nisi ut aliquip ex ea commodo consequat.
526,795-54,008-81,story,Sed do eiusmod tempor incididunt ut labore et dolore magna aliqua.
527,429-80,529-34,story,quis nostrud exercitation ullamco laboris nisi ut aliquip ex ea commodo consequat.
528,529-74,121-24,message,Lorem ipsum dolor sit amet
529,430-68,836-02,message,consectetur adipiscing elit.
530,174-72,732-81,message,quis nostrud exercitation ullamco laboris nisi ut aliquip ex ea commodo consequat.
531,611-94,477-64,message,consectetur adipiscing elit.
532,760-50,090-41,message,Ut enim ad minim veniam
533,619-75,297-75,story,Sed do eiusmod tempor incididunt ut labore et dolore magna aliqua.
534,847-27,061-06,message,Ut enim ad minim veniam
535,467-58,882-57,story,Sed do eiusmod tempor incididunt ut labore et dolore magna aliqua.
536,717-22,146-65,message,Lorem ipsum dolor sit amet
537,832-59,851-65,message,quis nostrud exercitation ullamco laboris nisi ut aliquip ex ea commodo consequat.
538,629-79,244-03,story,Ut enim ad minim veniam
539,276-70,763-32,story,Ut enim ad minim veniam
540,782-45,489-84,message,Ut enim ad minim veniam
541,711-24,786-80,story,Ut enim ad minim veniam
542,108-79,422-27,message,Ut enim ad minim veniam
543,565-26,924-51,story,consectetur adipiscing elit.
544,442-15,334-95,story,Ut enim ad minim veniam
545,852-10,867-44,message,quis nostrud exercitation ullamco laboris nisi ut aliquip ex ea commodo consequat.
546,643-45,939-54,message,Ut enim ad minim veniam
547,128-17,988-70,message,Ut enim ad minim veniam
548,866-45,890-88,message,Lorem ipsum dolor sit amet
549,765-16,146-61,story,quis nostrud exercitation ullamco laboris nisi ut aliquip ex ea commodo consequat.
550,247-18,193-83,message,quis nostrud exercitation ullamco laboris nisi ut aliquip ex ea commodo consequat.
551,015-86,019-21,message,consectetur adipiscing elit.
552,399-74,115-45,story,quis nostrud exercitation ullamco laboris nisi ut aliquip ex ea commodo consequat.
553,616-21,633-40,message,consectetur adipiscing elit.
554,083-22,085-96,story,quis nostrud exercitation ullamco laboris nisi ut aliquip ex ea commodo consequat.
555,145-67,801-57,message,quis nostrud exercitation ullamco laboris nisi ut aliquip ex ea commodo consequat.
556,814-55,316-95,message,Sed do eiusmod tempor incididunt ut labore et dolore magna aliqua.
557,326-48,118-39,story,Lorem ipsum dolor sit amet
558,044-40,051-81,story,quis nostrud exercitation ullamco laboris nisi ut aliquip ex ea commodo consequat.
559,982-25,139-11,message,quis nostrud exercitation ullamco laboris nisi ut aliquip ex ea commodo consequat.
560,371-45,816-57,message,Lorem ipsum dolor sit amet
561,656-83,956-50,story,Ut enim ad minim veniam
562,697-21,273-89,story,consectetur adipiscing elit.
563,787-34,414-98,message,Sed do eiusmod tempor incididunt ut labore et dolore magna aliqua.
564,082-31,369-79,message,Lorem ipsum dolor sit amet
565,095-41,489-02,story,Sed do eiusmod tempor incididunt ut labore et dolore magna aliqua.
566,126-44,537-88,message,consectetur adipiscing elit.
567,767-56,117-77,story,consectetur adipiscing elit.
568,926-34,751-32,message,Lorem ipsum dolor sit amet
569,226-99,785-30,story,Ut enim ad minim veniam
570,607-00,956-35,message,quis nostrud exercitation ullamco laboris nisi ut aliquip ex ea commodo consequat.
571,624-56,271-66,message,consectetur adipiscing elit.
572,690-10,390-70,story,Lorem ipsum dolor sit amet
573,523-07,328-94,message,consectetur adipiscing elit.
574,634-52,176-82,message,Ut enim ad minim veniam
575,641-29,953-20,message,consectetur adipiscing elit.
576,055-44,660-68,message,Lorem ipsum dolor sit amet
577,821-14,002-70,story,Sed do eiusmod tempor incididunt ut labore et dolore magna aliqua.
578,853-45,613-91,message,Sed do eiusmod tempor incididunt ut labore et dolore magna aliqua.
579,957-36,832-61,story,Ut enim ad minim veniam
580,982-32,756-80,message,Sed do eiusmod tempor incididunt ut labore et dolore magna aliqua.
581,134-39,876-70,story,Lorem ipsum dolor sit amet
582,755-41,168-05,story,Sed do eiusmod tempor incididunt ut labore et dolore magna aliqua.
583,095-94,017-43,story,Lorem ipsum dolor sit amet
584,785-01,695-43,message,Sed do eiusmod tempor incididunt ut labore et dolore magna aliqua.
585,088-32,586-90,message,Lorem ipsum dolor sit amet
586,156-57,442-75,story,quis nostrud exercitation ullamco laboris nisi ut aliquip ex ea commodo consequat.
587,275-20,940-39,story,Ut enim ad minim veniam
588,719-67,891-28,message,Ut enim ad minim veniam
589,329-96,127-13,message,Lorem ipsum dolor sit amet
590,148-01,129-99,message,Sed do eiusmod tempor incididunt ut labore et dolore magna aliqua.
591,728-28,498-27,message,Ut enim ad minim veniam
592,072-03,266-54,story,Sed do eiusmod tempor incididunt ut labore et dolore magna aliqua.
593,505-96,866-93,message,Lorem ipsum dolor sit amet
594,368-26,415-25,story,Lorem ipsum dolor sit amet
595,603-05,191-85,story,Ut enim ad minim veniam
596,034-54,179-90,story,Lorem ipsum dolor sit amet
597,762-52,404-88,story,Sed do eiusmod tempor incididunt ut labore et dolore magna aliqua.
598,254-52,921-60,story,consectetur adipiscing elit.
599,514-54,353-12,story,Lorem ipsum dolor sit amet
600,687-58,221-54,message,Sed do eiusmod tempor incididunt ut labore et dolore magna aliqua.
601,800-14,464-20,message,Ut enim ad minim veniam
602,232-91,632-48,message,consectetur adipiscing elit.
603,376-88,080-95,story,Lorem ipsum dolor sit amet
604,234-64,068-42,story,Lorem ipsum dolor sit amet
605,178-03,022-25,story,Sed do eiusmod tempor incididunt ut labore et dolore magna aliqua.
606,905-13,233-78,story,Sed do eiusmod tempor incididunt ut labore et dolore magna aliqua.
607,814-78,114-78,story,quis nostrud exercitation ullamco laboris nisi ut aliquip ex ea commodo consequat.
608,250-13,499-56,message,Sed do eiusmod tempor incididunt ut labore et dolore magna aliqua.
609,472-36,229-30,message,Ut enim ad minim veniam
610,882-04,370-56,story,quis nostrud exercitation ullamco laboris nisi ut aliquip ex ea commodo consequat.
611,733-01,388-87,story,consectetur adipiscing elit.
612,042-71,638-28,message,Lorem ipsum dolor sit amet
613,882-11,252-74,message,consectetur adipiscing elit.
614,555-32,631-77,message,Lorem ipsum dolor sit amet
615,526-26,706-54,message,Sed do eiusmod tempor incididunt ut labore et dolore magna aliqua.
616,121-74,444-69,story,quis nostrud exercitation ullamco laboris nisi ut aliquip ex ea commodo consequat.
617,706-30,473-92,message,Ut enim ad minim veniam
618,480-18,255-74,message,Lorem ipsum dolor sit amet
619,009-24,892-36,story,quis nostrud exercitation ullamco laboris nisi ut aliquip ex ea commodo consequat.
620,551-84,612-76,message,Sed do eiusmod tempor incididunt ut labore et dolore magna aliqua.
621,391-79,390-47,message,quis nostrud exercitation ullamco laboris nisi ut aliquip ex ea commodo consequat.
622,983-04,057-53,story,quis nostrud exercitation ullamco laboris nisi ut aliquip ex ea commodo consequat.
623,474-83,811-11,message,consectetur adipiscing elit.
624,585-44,795-47,message,Lorem ipsum dolor sit amet
625,548-02,932-95,story,Ut enim ad minim veniam
626,557-83,678-19,story,consectetur adipiscing elit.
627,886-91,955-47,story,Lorem ipsum dolor sit amet
628,058-27,906-11,story,quis nostrud exercitation ullamco laboris nisi ut aliquip ex ea commodo consequat.
629,164-91,454-44,story,Sed do eiusmod tempor incididunt ut labore et dolore magna aliqua.
630,683-00,727-53,story,consectetur adipiscing elit.
631,395-35,139-70,message,Lorem ipsum dolor sit amet
632,393-32,799-25,story,Sed do eiusmod tempor incididunt ut labore et dolore magna aliqua.
633,842-04,667-82,message,Sed do eiusmod tempor incididunt ut labore et dolore magna aliqua.
634,980-10,281-89,story,Ut enim ad minim veniam
635,520-26,826-30,message,Lorem ipsum dolor sit amet
636,049-53,001-91,story,Ut enim ad minim veniam
637,139-80,068-25,message,Lorem ipsum dolor sit amet
638,739-56,763-52,story,quis nostrud exercitation ullamco laboris nisi ut aliquip ex ea commodo consequat.
639,300-76,900-24,story,quis nostrud exercitation ullamco laboris nisi ut aliquip ex ea commodo consequat.
640,852-98,293-37,message,Ut enim ad minim veniam
641,550-91,347-91,message,Sed do eiusmod tempor incididunt ut labore et dolore magna aliqua.
642,221-88,106-61,message,Sed do eiusmod tempor incididunt ut labore et dolore magna aliqua.
643,444-03,291-10,story,Ut enim ad minim veniam
644,600-85,118-51,message,Lorem ipsum dolor sit amet
645,944-31,770-87,message,consectetur adipiscing elit.
646,813-30,295-01,message,consectetur adipiscing elit.
647,304-05,318-63,story,quis nostrud exercitation ullamco laboris nisi ut aliquip ex ea commodo consequat.
648,192-65,464-37,story,quis nostrud exercitation ullamco laboris nisi ut aliquip ex ea commodo consequat.
649,899-54,749-93,story,Lorem ipsum dolor sit amet
650,921-86,725-49,message,Sed do eiusmod tempor incididunt ut labore et dolore magna aliqua.
651,834-23,342-83,message,Ut enim ad minim veniam
652,991-16,897-79,story,quis nostrud exercitation ullamco laboris nisi ut aliquip ex ea commodo consequat.
653,630-19,892-56,message,consectetur adipiscing elit.
654,568-11,952-51,message,consectetur adipiscing elit.
655,117-34,341-80,message,consectetur adipiscing elit.
656,346-43,569-57,message,Sed do eiusmod tempor incididunt ut labore et dolore magna aliqua.
657,156-99,718-62,story,consectetur adipiscing elit.
658,237-72,842-17,story,Sed do eiusmod tempor incididunt ut labore et dolore magna aliqua.
659,572-45,151-47,message,Ut enim ad minim veniam
660,374-40,963-36,message,quis nostrud exercitation ullamco laboris nisi ut aliquip ex ea commodo consequat.
661,675-33,657-31,message,Lorem ipsum dolor sit amet
662,771-65,595-26,story,Sed do eiusmod tempor incididunt ut labore et dolore magna aliqua.
663,454-19,985-54,story,Ut enim ad minim veniam
664,076-27,326-85,message,consectetur adipiscing elit.
665,104-39,057-75,story,Ut enim ad minim veniam
666,010-04,365-09,story,Sed do eiusmod tempor incididunt ut labore et dolore magna aliqua.
667,944-21,102-29,story,consectetur adipiscing elit.
668,937-22,936-83,message,consectetur adipiscing elit.
669,682-45,873-95,message,consectetur adipiscing elit.
670,360-15,946-76,story,Lorem ipsum dolor sit amet
671,202-38,412-74,message,Ut enim ad minim veniam
672,027-69,376-49,story,quis nostrud exercitation ullamco laboris nisi ut aliquip ex ea commodo consequat.
673,366-79,747-35,message,Lorem ipsum dolor sit amet
674,769-96,379-30,story,Sed do eiusmod tempor incididunt ut labore et dolore magna aliqua.
675,195-23,535-23,story,Ut enim ad minim veniam
676,895-13,857-21,message,Sed do eiusmod tempor incididunt ut labore et dolore magna aliqua.
677,901-29,751-39,story,consectetur adipiscing elit.
678,014-78,045-00,message,Ut enim ad minim veniam
679,124-31,465-69,message,Sed do eiusmod tempor incididunt ut labore et dolore magna aliqua.
680,257-73,292-76,story,Lorem ipsum dolor sit amet
681,974-58,358-56,message,Sed do eiusmod tempor incididunt ut labore et dolore magna aliqua.
682,688-33,980-73,message,Sed do eiusmod tempor incididunt ut labore et dolore magna aliqua.
683,326-65,994-74,story,Ut enim ad minim veniam
684,115-61,581-81,message,Ut enim ad minim veniam
685,512-54,941-12,message,Sed do eiusmod tempor incididunt ut labore et dolore magna aliqua.
686,156-96,049-37,message,consectetur adipiscing elit.
687,041-05,277-28,message,Sed do eiusmod tempor incididunt ut labore et dolore magna aliqua.
688,457-38,273-04,story,consectetur adipiscing elit.
689,248-97,386-71,story,Ut enim ad minim veniam
690,200-32,491-72,story,Lorem ipsum dolor sit amet
691,570-04,010-11,story,Lorem ipsum dolor sit amet
692,796-02,318-45,message,quis nostrud exercitation ullamco laboris nisi ut aliquip ex ea commodo consequat.
693,995-18,318-35,story,quis nostrud exercitation ullamco laboris nisi ut aliquip ex ea commodo consequat.
694,145-46,970-09,story,Sed do eiusmod tempor incididunt ut labore et dolore magna aliqua.
695,219-93,809-18,story,Ut enim ad minim veniam
696,271-72,074-18,message,Ut enim ad minim veniam
697,789-86,430-90,message,quis nostrud exercitation ullamco laboris nisi ut aliquip ex ea commodo consequat.
698,375-04,505-79,story,quis nostrud exercitation ullamco laboris nisi ut aliquip ex ea commodo consequat.
699,997-90,691-90,message,consectetur adipiscing elit.
700,020-96,454-05,story,Lorem ipsum dolor sit amet
701,102-06,716-10,story,quis nostrud exercitation ullamco laboris nisi ut aliquip ex ea commodo consequat.
702,169-86,488-71,message,Lorem ipsum dolor sit amet
703,983-96,905-26,message,Sed do eiusmod tempor incididunt ut labore et dolore magna aliqua.
704,767-40,816-08,message,Lorem ipsum dolor sit amet
705,594-73,598-92,story,consectetur adipiscing elit.
706,378-48,385-26,story,Ut enim ad minim veniam
707,442-81,579-96,message,Lorem ipsum dolor sit amet
708,046-52,953-92,message,Lorem ipsum dolor sit amet
709,271-54,198-10,story,Sed do eiusmod tempor incididunt ut labore et dolore magna aliqua.
710,378-21,387-57,message,consectetur adipiscing elit.
711,697-38,181-37,message,Lorem ipsum dolor sit amet
712,374-54,034-24,story,Lorem ipsum dolor sit amet
713,815-91,643-76,message,quis nostrud exercitation ullamco laboris nisi ut aliquip ex ea commodo consequat.
714,502-23,156-71,message,Lorem ipsum dolor sit amet
715,391-54,438-92,message,Ut enim ad minim veniam
716,889-35,832-21,message,Ut enim ad minim veniam
717,983-60,553-79,story,quis nostrud exercitation ullamco laboris nisi ut aliquip ex ea commodo consequat.
718,548-59,217-04,story,consectetur adipiscing elit.
719,887-57,304-91,message,consectetur adipiscing elit.
720,975-05,560-54,story,Sed do eiusmod tempor incididunt ut labore et dolore magna aliqua.
721,578-30,763-63,message,Ut enim ad minim veniam
722,323-25,220-64,message,consectetur adipiscing elit.
723,672-09,289-53,story,Sed do eiusmod tempor incididunt ut labore et dolore magna aliqua.
724,592-63,019-10,message,consectetur adipiscing elit.
725,419-35,271-99,message,consectetur adipiscing elit.
726,485-86,682-90,story,consectetur adipiscing elit.
727,021-19,354-31,message,Sed do eiusmod tempor incididunt ut labore et dolore magna aliqua.
728,736-85,958-27,story,Ut enim ad minim veniam
729,028-23,048-48,story,Sed do eiusmod tempor incididunt ut labore et dolore magna aliqua.
730,144-63,247-61,message,Lorem ipsum dolor sit amet
731,317-88,734-23,message,quis nostrud exercitation ullamco laboris nisi ut aliquip ex ea commodo consequat.
732,254-63,946-44,story,Sed do eiusmod tempor incididunt ut labore et dolore magna aliqua.
733,865-97,968-98,message,consectetur adipiscing elit.
734,169-32,185-10,story,Lorem ipsum dolor sit amet
735,918-19,406-81,story,consectetur adipiscing elit.
736,416-52,005-55,story,quis nostrud exercitation ullamco laboris nisi ut aliquip ex ea commodo consequat.
737,126-51,441-80,story,Lorem ipsum dolor sit amet
738,597-71,508-55,message,consectetur adipiscing elit.
739,188-16,511-44,message,Lorem ipsum dolor sit amet
740,942-77,326-75,message,Ut enim ad minim veniam
741,437-59,133-33,story,consectetur adipiscing elit.
742,325-37,470-86,message,quis nostrud exercitation ullamco laboris nisi ut aliquip ex ea commodo consequat.
743,989-92,699-95,message,Sed do eiusmod tempor incididunt ut labore et dolore magna aliqua.
744,264-02,040-98,story,Lorem ipsum dolor sit amet
745,043-38,336-79,message,Lorem ipsum dolor sit amet
746,164-31,000-99,message,Ut enim ad minim veniam
747,234-14,231-97,message,Sed do eiusmod tempor incididunt ut labore et dolore magna aliqua.
748,633-12,149-20,message,Ut enim ad minim veniam
749,068-98,665-70,message,Ut enim ad minim veniam
750,508-44,363-55,message,consectetur adipiscing elit.
751,163-67,619-98,story,consectetur adipiscing elit.
752,519-47,873-52,story,Ut enim ad minim veniam
753,449-20,025-28,message,Ut enim ad minim veniam
754,175-15,998-13,story,quis nostrud exercitation ullamco laboris nisi ut aliquip ex ea commodo consequat.
755,245-04,216-36,story,Sed do eiusmod tempor incididunt ut labore et dolore magna aliqua.
756,636-24,037-18,message,Lorem ipsum dolor sit amet
757,684-49,972-26,message,consectetur adipiscing elit.
758,414-36,384-57,story,consectetur adipiscing elit.
759,852-61,965-20,story,quis nostrud exercitation ullamco laboris nisi ut aliquip ex ea commodo consequat.
760,545-46,472-83,story,consectetur adipiscing elit.
761,704-07,752-94,story,Sed do eiusmod tempor incididunt ut labore et dolore magna aliqua.
762,385-70,137-65,message,consectetur adipiscing elit.
763,024-32,612-48,message,Sed do eiusmod tempor incididunt ut labore et dolore magna aliqua.
764,010-94,549-27,story,Sed do eiusmod tempor incididunt ut labore et dolore magna aliqua.
765,864-23,041-52,message,consectetur adipiscing elit.
766,000-28,400-16,message,consectetur adipiscing elit.
767,732-11,949-35,message,consectetur adipiscing elit.
768,333-48,523-34,message,Sed do eiusmod tempor incididunt ut labore et dolore magna aliqua.
769,740-88,579-67,story,consectetur adipiscing elit.
770,385-13,226-09,story,Sed do eiusmod tempor incididunt ut labore et dolore magna aliqua.
771,363-92,941-31,message,Ut enim ad minim veniam
772,057-84,739-33,message,Ut enim ad minim veniam
773,301-48,651-08,message,Sed do eiusmod tempor incididunt ut labore et dolore magna aliqua.
774,496-59,413-90,story,Lorem ipsum dolor sit amet
775,966-12,469-79,message,Ut enim ad minim veniam
776,414-36,353-36,message,consectetur adipiscing elit.
777,890-14,685-15,message,consectetur adipiscing elit.
778,946-02,813-40,story,quis nostrud exercitation ullamco laboris nisi ut aliquip ex ea commodo consequat.
779,797-53,148-13,message,quis nostrud exercitation ullamco laboris nisi ut aliquip ex ea commodo consequat.
780,085-70,349-27,story,Ut enim ad minim veniam
781,242-18,617-05,message,consectetur adipiscing elit.
782,046-71,759-43,story,Sed do eiusmod tempor incididunt ut labore et dolore magna aliqua.
783,787-80,873-77,message,consectetur adipiscing elit.
784,010-10,725-93,story,Ut enim ad minim veniam
785,108-53,762-20,message,quis nostrud exercitation ullamco laboris nisi ut aliquip ex ea commodo consequat.
786,963-77,815-41,story,Sed do eiusmod tempor incididunt ut labore et dolore magna aliqua.
787,128-97,729-80,message,consectetur adipiscing elit.
788,092-84,728-12,story,Sed do eiusmod tempor incididunt ut labore et dolore magna aliqua.
789,295-40,700-42,message,quis nostrud exercitation ullamco laboris nisi ut aliquip ex ea commodo consequat.
790,340-55,333-33,story,Lorem ipsum dolor sit amet
791,980-10,377-36,story,quis nostrud exercitation ullamco laboris nisi ut aliquip ex ea commodo consequat.
792,137-02,001-00,message,Lorem ipsum dolor sit amet
793,039-62,841-22,story,Ut enim ad minim veniam
794,752-79,848-36,message,Sed do eiusmod tempor incididunt ut labore et dolore magna aliqua.
795,447-37,695-09,message,Sed do eiusmod tempor incididunt ut labore et dolore magna aliqua.
796,363-79,121-00,message,Lorem ipsum dolor sit amet
797,314-11,942-59,story,Ut enim ad minim veniam
798,918-49,553-83,message,quis nostrud exercitation ullamco laboris nisi ut aliquip ex ea commodo consequat.
799,952-29,458-66,story,Sed do eiusmod tempor incididunt ut labore et dolore magna aliqua.
800,724-42,033-97,story,Ut enim ad minim veniam
801,464-04,620-64,message,Lorem ipsum dolor sit amet
802,943-47,503-38,message,Sed do eiusmod tempor incididunt ut labore et dolore magna aliqua.
803,015-38,335-62,story,Lorem ipsum dolor sit amet
804,938-13,911-92,story,Lorem ipsum dolor sit amet
805,248-46,730-69,message,quis nostrud exercitation ullamco laboris nisi ut aliquip ex ea commodo consequat.
806,834-99,695-89,message,quis nostrud exercitation ullamco laboris nisi ut aliquip ex ea commodo consequat.
807,873-69,530-55,message,Ut enim ad minim veniam
808,133-29,505-00,message,consectetur adipiscing elit.
809,826-93,842-15,message,Ut enim ad minim veniam
810,245-72,772-09,story,quis nostrud exercitation ullamco laboris nisi ut aliquip ex ea commodo consequat.
811,897-45,915-31,story,Lorem ipsum dolor sit amet
812,746-04,004-95,story,Lorem ipsum dolor sit amet
813,288-95,447-80,story,Lorem ipsum dolor sit amet
814,578-08,302-77,story,Sed do eiusmod tempor incididunt ut labore et dolore magna aliqua.
815,758-76,182-94,story,Sed do eiusmod tempor incididunt ut labore et dolore magna aliqua.
816,001-55,044-97,message,Sed do eiusmod tempor incididunt ut labore et dolore magna aliqua.
817,605-29,627-33,message,Lorem ipsum dolor sit amet
818,274-68,456-24,story,Ut enim ad minim veniam
819,154-89,447-74,message,Ut enim ad minim veniam
820,050-35,373-59,message,Sed do eiusmod tempor incididunt ut labore et dolore magna aliqua.
821,919-95,507-30,message,Ut enim ad minim veniam
822,841-82,764-76,story,Sed do eiusmod tempor incididunt ut labore et dolore magna aliqua.
823,903-08,186-83,story,Lorem ipsum dolor sit amet
824,815-79,475-37,story,Sed do eiusmod tempor incididunt ut labore et dolore magna aliqua.
825,464-79,980-76,message,Sed do eiusmod tempor incididunt ut labore et dolore magna aliqua.
826,610-87,097-32,story,Sed do eiusmod tempor incididunt ut labore et dolore magna aliqua.
827,256-28,506-36,message,consectetur adipiscing elit.
828,414-67,975-18,story,Ut enim ad minim veniam
829,152-36,128-62,message,consectetur adipiscing elit.
830,001-02,939-50,message,Sed do eiusmod tempor incididunt ut labore et dolore magna aliqua.
831,769-12,968-05,story,Sed do eiusmod tempor incididunt ut labore et dolore magna aliqua.
832,254-66,765-29,message,Sed do eiusmod tempor incididunt ut labore et dolore magna aliqua.
833,712-93,751-08,message,consectetur adipiscing elit.
834,097-75,443-20,message,quis nostrud exercitation ullamco laboris nisi ut aliquip ex ea commodo consequat.
835,559-26,818-39,story,Sed do eiusmod tempor incididunt ut labore et dolore magna aliqua.
836,399-04,894-17,message,Lorem ipsum dolor sit amet
837,831-95,161-44,message,Lorem ipsum dolor sit amet
838,627-30,237-23,message,consectetur adipiscing elit.
839,112-53,410-50,message,quis nostrud exercitation ullamco laboris nisi ut aliquip ex ea commodo consequat.
840,457-12,159-08,message,consectetur adipiscing elit.
841,800-81,227-10,story,Sed do eiusmod tempor incididunt ut labore et dolore magna aliqua.
842,624-19,794-34,message,Sed do eiusmod tempor incididunt ut labore et dolore magna aliqua.
843,460-51,143-19,message,Sed do eiusmod tempor incididunt ut labore et dolore magna aliqua.
844,470-69,297-74,story,Ut enim ad minim veniam
845,483-47,653-12,story,consectetur adipiscing elit.
846,991-52,749-66,story,Ut enim ad minim veniam
847,744-35,397-03,message,consectetur adipiscing elit.
848,436-15,053-82,message,consectetur adipiscing elit.
849,480-63,389-30,story,Ut enim ad minim veniam
850,336-68,967-64,message,quis nostrud exercitation ullamco laboris nisi ut aliquip ex ea commodo consequat.
851,364-97,896-65,story,Ut enim ad minim veniam
852,767-24,710-82,message,consectetur adipiscing elit.
853,733-29,463-46,message,Sed do eiusmod tempor incididunt ut labore et dolore magna aliqua.
854,105-92,622-80,message,consectetur adipiscing elit.
855,385-30,733-53,message,Ut enim ad minim veniam
856,419-42,198-56,story,quis nostrud exercitation ullamco laboris nisi ut aliquip ex ea commodo consequat.
857,092-45,374-13,message,quis nostrud exercitation ullamco laboris nisi ut aliquip ex ea commodo consequat.
858,109-26,779-64,story,Sed do eiusmod tempor incididunt ut labore et dolore magna aliqua.
859,690-91,455-88,story,quis nostrud exercitation ullamco laboris nisi ut aliquip ex ea commodo consequat.
860,727-93,289-30,story,Ut enim ad minim veniam
861,337-13,054-12,message,quis nostrud exercitation ullamco laboris nisi ut aliquip ex ea commodo consequat.
862,455-05,249-88,message,Sed do eiusmod tempor incididunt ut labore et dolore magna aliqua.
863,025-26,426-22,story,Sed do eiusmod tempor incididunt ut labore et dolore magna aliqua.
864,646-12,180-99,message,consectetur adipiscing elit.
865,631-58,979-25,message,Ut enim ad minim veniam
866,263-36,646-03,story,Lorem ipsum dolor sit amet
867,899-94,018-82,message,quis nostrud exercitation ullamco laboris nisi ut aliquip ex ea commodo consequat.
868,549-60,781-49,story,Sed do eiusmod tempor incididunt ut labore et dolore magna aliqua.
869,988-09,726-53,message,Lorem ipsum dolor sit amet
870,842-51,449-08,story,Ut enim ad minim veniam
871,974-86,415-15,message,quis nostrud exercitation ullamco laboris nisi ut aliquip ex ea commodo consequat.
872,251-94,681-82,message,Lorem ipsum dolor sit amet
873,687-64,903-28,message,Lorem ipsum dolor sit amet
874,123-55,478-78,message,quis nostrud exercitation ullamco laboris nisi ut aliquip ex ea commodo consequat.
875,644-36,217-42,message,Sed do eiusmod tempor incididunt ut labore et dolore magna aliqua.
876,406-28,187-86,story,Sed do eiusmod tempor incididunt ut labore et dolore magna aliqua.
877,168-88,820-10,story,Lorem ipsum dolor sit amet
878,833-40,976-74,story,consectetur adipiscing elit.
879,743-45,895-77,story,Sed do eiusmod tempor incididunt ut labore et dolore magna aliqua.
880,486-85,012-27,message,Ut enim ad minim veniam
881,112-26,275-61,message,quis nostrud exercitation ullamco laboris nisi ut aliquip ex ea commodo consequat.
882,102-65,057-01,message,Sed do eiusmod tempor incididunt ut labore et dolore magna aliqua.
883,708-78,919-30,story,consectetur adipiscing elit.
884,624-39,386-56,story,Sed do eiusmod tempor incididunt ut labore et dolore magna aliqua.
885,356-68,672-55,message,Sed do eiusmod tempor incididunt ut labore et dolore magna aliqua.
886,418-81,551-01,story,Lorem ipsum dolor sit amet
887,284-42,462-70,message,quis nostrud exercitation ullamco laboris nisi ut aliquip ex ea commodo consequat.
888,307-63,888-61,story,consectetur adipiscing elit.
889,263-24,431-82,message,quis nostrud exercitation ullamco laboris nisi ut aliquip ex ea commodo consequat.
890,655-51,549-08,message,quis nostrud exercitation ullamco laboris nisi ut aliquip ex ea commodo consequat.
891,075-26,865-46,message,Ut enim ad minim veniam
892,600-07,036-34,message,consectetur adipiscing elit.
893,000-97,259-19,story,Lorem ipsum dolor sit amet
894,082-22,784-20,story,Sed do eiusmod tempor incididunt ut labore et dolore magna aliqua.
895,197-68,836-30,message,consectetur adipiscing elit.
896,370-07,029-94,message,quis nostrud exercitation ullamco laboris nisi ut aliquip ex ea commodo consequat.
897,015-14,448-81,message,Ut enim ad minim veniam
898,691-75,440-45,story,Sed do eiusmod tempor incididunt ut labore et dolore magna aliqua.
899,334-73,256-25,message,Lorem ipsum dolor sit amet
900,524-44,030-26,message,consectetur adipiscing elit.
901,492-81,938-15,message,Lorem ipsum dolor sit amet
902,184-11,363-88,message,quis nostrud exercitation ullamco laboris nisi ut aliquip ex ea commodo consequat.
903,216-32,886-93,message,quis nostrud exercitation ullamco laboris nisi ut aliquip ex ea commodo consequat.
904,836-36,239-98,message,quis nostrud exercitation ullamco laboris nisi ut aliquip ex ea commodo consequat.
905,665-53,536-73,story,quis nostrud exercitation ullamco laboris nisi ut aliquip ex ea commodo consequat.
906,994-43,985-51,message,Sed do eiusmod tempor incididunt ut labore et dolore magna aliqua.
907,632-09,937-19,message,consectetur adipiscing elit.
908,623-25,281-07,story,quis nostrud exercitation ullamco laboris nisi ut aliquip ex ea commodo consequat.
909,587-75,072-88,message,Lorem ipsum dolor sit amet
910,385-02,716-72,message,Lorem ipsum dolor sit amet
911,778-81,788-75,story,Sed do eiusmod tempor incididunt ut labore et dolore magna aliqua.
912,860-31,303-23,message,Lorem ipsum dolor sit amet
913,773-52,830-61,message,quis nostrud exercitation ullamco laboris nisi ut aliquip ex ea commodo consequat.
914,044-91,561-20,story,quis nostrud exercitation ullamco laboris nisi ut aliquip ex ea commodo consequat.
915,842-74,678-02,message,consectetur adipiscing elit.
916,856-24,056-09,message,Lorem ipsum dolor sit amet
917,382-38,977-43,message,Lorem ipsum dolor sit amet
918,440-22,568-45,message,Ut enim ad minim veniam
919,240-09,458-16,message,consectetur adipiscing elit.
920,670-41,489-96,message,Ut enim ad minim veniam
921,557-29,108-45,message,quis nostrud exercitation ullamco laboris nisi ut aliquip ex ea commodo consequat.
922,198-18,648-02,story,Ut enim ad minim veniam
923,921-17,468-29,message,Lorem ipsum dolor sit amet
924,894-78,677-58,message,consectetur adipiscing elit.
925,358-13,915-65,story,Sed do eiusmod tempor incididunt ut labore et dolore magna aliqua.
926,602-00,547-16,story,consectetur adipiscing elit.
927,663-39,060-08,story,quis nostrud exercitation ullamco laboris nisi ut aliquip ex ea commodo consequat.
928,175-35,510-74,message,Ut enim ad minim veniam
929,116-59,647-63,message,Ut enim ad minim veniam
930,393-82,348-70,story,Lorem ipsum dolor sit amet
931,773-33,404-99,story,consectetur adipiscing elit.
932,926-02,466-18,story,consectetur adipiscing elit.
933,819-74,134-19,story,Lorem ipsum dolor sit amet
934,221-48,349-58,story,Lorem ipsum dolor sit amet
935,683-56,605-95,story,Sed do eiusmod tempor incididunt ut labore et dolore magna aliqua.
936,494-98,134-39,story,quis nostrud exercitation ullamco laboris nisi ut aliquip ex ea commodo consequat.
937,772-76,091-33,message,Sed do eiusmod tempor incididunt ut labore et dolore magna aliqua.
938,364-43,063-04,story,Sed do eiusmod tempor incididunt ut labore et dolore magna aliqua.
939,713-66,155-52,message,quis nostrud exercitation ullamco laboris nisi ut aliquip ex ea commodo consequat.
940,603-66,909-12,message,quis nostrud exercitation ullamco laboris nisi ut aliquip ex ea commodo consequat.
941,238-99,592-57,story,Lorem ipsum dolor sit amet
942,986-43,372-49,story,Sed do eiusmod tempor incididunt ut labore et dolore magna aliqua.
943,503-04,857-08,story,quis nostrud exercitation ullamco laboris nisi ut aliquip ex ea commodo consequat.
944,254-42,044-87,story,Ut enim ad minim veniam
945,496-55,535-72,message,Lorem ipsum dolor sit amet
946,721-02,495-47,story,Ut enim ad minim veniam
947,917-81,043-82,message,consectetur adipiscing elit.
948,326-10,796-71,story,consectetur adipiscing elit.
949,905-62,528-03,message,Sed do eiusmod tempor incididunt ut labore et dolore magna aliqua.
950,277-99,243-50,story,Lorem ipsum dolor sit amet
951,277-09,292-05,story,quis nostrud exercitation ullamco laboris nisi ut aliquip ex ea commodo consequat.
952,588-16,228-56,message,consectetur adipiscing elit.
953,183-87,001-18,story,consectetur adipiscing elit.
954,998-22,231-72,message,quis nostrud exercitation ullamco laboris nisi ut aliquip ex ea commodo consequat.
955,755-85,226-54,story,Ut enim ad minim veniam
956,230-66,209-10,story,consectetur adipiscing elit.
957,061-39,184-58,message,Lorem ipsum dolor sit amet
958,386-83,767-19,message,consectetur adipiscing elit.
959,189-89,161-90,message,Sed do eiusmod tempor incididunt ut labore et dolore magna aliqua.
960,391-65,368-89,message,quis nostrud exercitation ullamco laboris nisi ut aliquip ex ea commodo consequat.
961,541-15,686-94,message,Lorem ipsum dolor sit amet
962,079-16,508-96,message,Sed do eiusmod tempor incididunt ut labore et dolore magna aliqua.
963,999-64,764-85,message,quis nostrud exercitation ullamco laboris nisi ut aliquip ex ea commodo consequat.
964,365-24,802-01,story,consectetur adipiscing elit.
965,069-23,436-26,message,Lorem ipsum dolor sit amet
966,104-98,650-04,message,Sed do eiusmod tempor incididunt ut labore et dolore magna aliqua.
967,759-75,152-80,story,Lorem ipsum dolor sit amet
968,989-46,497-87,story,Lorem ipsum dolor sit amet
969,517-46,056-96,story,consectetur adipiscing elit.
970,626-96,036-02,story,Lorem ipsum dolor sit amet
971,458-20,371-52,message,Sed do eiusmod tempor incididunt ut labore et dolore magna aliqua.
972,769-45,229-50,message,quis nostrud exercitation ullamco laboris nisi ut aliquip ex ea commodo consequat.
973,853-59,480-88,message,Ut enim ad minim veniam
974,983-88,960-54,story,quis nostrud exercitation ullamco laboris nisi ut aliquip ex ea commodo consequat.
975,317-83,853-55,message,Sed do eiusmod tempor incididunt ut labore et dolore magna aliqua.
976,556-69,430-83,story,Ut enim ad minim veniam
977,639-74,436-47,story,consectetur adipiscing elit.
978,205-53,590-03,message,Sed do eiusmod tempor incididunt ut labore et dolore magna aliqua.
979,892-72,406-02,story,Lorem ipsum dolor sit amet
980,511-93,410-02,story,Lorem ipsum dolor sit amet
981,405-97,336-61,message,Lorem ipsum dolor sit amet
982,134-39,940-45,story,Ut enim ad minim veniam
983,835-89,550-23,story,quis nostrud exercitation ullamco laboris nisi ut aliquip ex ea commodo consequat.
984,000-10,891-16,story,quis nostrud exercitation ullamco laboris nisi ut aliquip ex ea commodo consequat.
985,498-43,911-15,message,consectetur adipiscing elit.
986,909-39,130-13,message,Sed do eiusmod tempor incididunt ut labore et dolore magna aliqua.
987,761-75,914-05,story,Sed do eiusmod tempor incididunt ut labore et dolore magna aliqua.
988,236-10,498-43,story,consectetur adipiscing elit.
989,124-38,495-22,message,quis nostrud exercitation ullamco laboris nisi ut aliquip ex ea commodo consequat.
990,132-73,400-40,message,Sed do eiusmod tempor incididunt ut labore et dolore magna aliqua.
991,633-47,456-91,message,Ut enim ad minim veniam
992,607-52,098-05,story,Sed do eiusmod tempor incididunt ut labore et dolore magna aliqua.
993,451-06,612-97,message,consectetur adipiscing elit.
994,873-36,379-03,message,Sed do eiusmod tempor incididunt ut labore et dolore magna aliqua.
995,895-80,593-07,message,Ut enim ad minim veniam
996,094-21,860-80,story,Lorem ipsum dolor sit amet
997,694-60,826-40,message,Lorem ipsum dolor sit amet
998,390-23,078-36,story,consectetur adipiscing elit.
999,061-33,142-28,story,Sed do eiusmod tempor incididunt ut labore et dolore magna aliqua.
1000,478-61,513-45,story,Sed do eiusmod tempor incididunt ut labore et dolore magna aliqua.
